{
    "loss": [
        0.010851442813873291,
        0.008075825870037079,
        0.006725451443344355,
        0.005526752211153507,
        0.004520105663686991,
        0.0038008831907063723,
        0.003235708922147751,
        0.002667428692802787,
        0.002360496437177062,
        0.002007600851356983
    ],
    "val_loss": [
        0.007458630483597517,
        0.007354226429015398,
        0.007326076738536358,
        0.007605268619954586,
        0.0076589686796069145,
        0.008154651150107384,
        0.008280908688902855,
        0.008067568764090538,
        0.008517786860466003,
        0.0082255769520998
    ]
}