{
    "loss": [
        0.01069385465234518,
        0.008067027665674686,
        0.006780298892408609,
        0.005370725877583027,
        0.004419159609824419,
        0.003699185326695442,
        0.0031724118161946535,
        0.0026074261404573917,
        0.0022259920369833708,
        0.0019177914364263415
    ],
    "val_loss": [
        0.007410102058202028,
        0.006774344015866518,
        0.006939447484910488,
        0.007907412946224213,
        0.008266370743513107,
        0.007809195201843977,
        0.008035224862396717,
        0.008569362573325634,
        0.00870375894010067,
        0.008508076891303062
    ]
}